"title","location","job_url"
"Transmission Planning Engineer with PSS/E Experience","Fort Worth, TX, US","https://www.indeed.com/viewjob?jk=2fb1fd640afafa99"
"Senior Project Manager - Water/Wastewater","Fort Worth, TX, US","https://www.indeed.com/viewjob?jk=d297353917e2a084"
"Engineer I","Frisco, TX, US","https://www.indeed.com/viewjob?jk=84bc35b6e465f456"
"Professional Services Engineer - Optical","Dallas, TX, US","https://www.indeed.com/viewjob?jk=78af960fb53354f6"
"Sr. Transportation Engineer - Roadway","Plano, TX, US","https://www.indeed.com/viewjob?jk=7fe863b8258eb828"
"Transportation Project Engineer","Fort Worth, TX, US","https://www.indeed.com/viewjob?jk=2ab1ec893d105d95"
"Construction Materials Internship (Level 1)","McKinney, TX, US","https://www.indeed.com/viewjob?jk=a61da4f7eedac434"
"Environmental Department Manager - Assessment and Remediation","Dallas, TX, US","https://www.indeed.com/viewjob?jk=89f23eef4525b26f"
"Associate Packaging Engineer","Sunnyvale, TX, US","https://www.indeed.com/viewjob?jk=9c644a844a5a33fe"
"Senior Electrical Engineer","Dallas, TX, US","https://www.indeed.com/viewjob?jk=f6adbda87fd01bc4"
"Avionics Integration Engineer","Fort Worth, TX, US","https://www.indeed.com/viewjob?jk=015d19a68befc56c"
"Cybersecurity Test Engineer","Fort Worth, TX, US","https://www.indeed.com/viewjob?jk=2a4cbd72f2dd809f"
"Manufacturing Engineering Project","Fort Worth, TX, US","https://www.indeed.com/viewjob?jk=cbfe7515ba0c9afc"
"Sr. Process Engineer","Fort Worth, TX, US","https://www.indeed.com/viewjob?jk=c25333bdee01195e"
"Field Service Tech/Engineer (EK)","Dallas, TX, US","https://www.indeed.com/viewjob?jk=d7c05ce4a8181e63"
